{
	"scr": {
		"prefix": "scr",
		"body": [
			"<script type=\"text/javascript\" >",
			"\t$0",
			"</script>"
		],
		"description": "<script type=\"text/javascript\"></script>"
	},
	"scr1": {
		"prefix": "scr1",
		"body": [
			"<script type=\"text/javascript\" src=\"$0\"></script>"
		],
		"description": "<script type=\"text/javascript\" src=\"\"></script>"
	},
	"scrb": {
		"prefix": "scrb",
		"body": [
			"<script type=\"text/babel\">$0</script>"
		],
		"description": "<script type=\"text/babel\" src=\"\"></script>"
	},
	"csl": {
		"prefix": "csl",
		"body": [
			"console.log($0)",
		],
		"description": "console.log()"
	},
	"CreateReactComponent": {
		"prefix": "MyComponent",
		"body": [
			"import React,{Component} from 'react'\n",
			"export default class MyComponent$0 extends Component{",
			"  render(){",
			"    return (",
			"      <div></div>",
			"    )",
			"  }",
			"}"
		],
		"description": "ReactComponent"
	},
	"df": {
		"prefix": "df",
		"body": [
			"()=>{",
			"  //函数体", 
			"}",
		],
		"description": "箭头函数1"
	},
	"f1": {
		"prefix": "f1",
		"body": [
			"for (var i=0; i<xxxxxxx.length; i++ ){",
			"  //循环内容",
			"}",
		],
		"description": "forÑ­»·1"
	},
	"f2": {
		"prefix": "f2",
		"body": [
			"for (var j=0; j<xxxxxxx.length; j++ ){",
			"  //循环内容",
			"}",
		],
		"description": "for循环"
	},
	"fori": {
		"prefix": "fori",
		"body": [
			"for (let index in arr){",
			"  console.log(arr[index])",
			"}",
		],
		"description": "for循环"
	},
	"dfi": {
		"prefix": "dfi",
		"body": [
			"()=>{$0}"
		],
		"description": "箭头函数"
	},
	"did": {
		"prefix": "did",
		"body": [
			"document.getElementById('$0')"
		],
		"description": "document.getElementById"
	},
	"dq": {
		"prefix": "dq",
		"body": [
			"document.querySelector('$0')"
		],
		"description": "document.querySelector"
	},
	"dqa": {
		"prefix": "dqa",
		"body": [
			"document.querySelectorAll('$0')"
		],
		"description": "document.querySelectorAll"
	},
	"dtag": {
		"prefix": "dtag",
		"body": [
			"document.getElementsByTagName('$0')"
		],
		"description": "document.getElementsByTagName"
	},
	"jw": {
		"prefix": "jw",
		"body": [
			"javascript:;"
		],
		"description": "javascript:;"
	},
	"isR": {
		"prefix": "isR",
		"body": [
			"isRequired"
		],
		"description": "javascript:;"
	},
	"HTML Snippets": {
		"prefix": "!!",
		"body": [
			"<!DOCTYPE html>",
			"<html>",
			"\t<head>",
			"\t\t<meta charset=\"UTF-8\" />",
			"\t\t<title>$TM_FILENAME_BASE</title>",
			"\t</head>",
			"\t<body>",
			"\t\t$0",
			"\t</body>",
			"</html>"
		],
		"description": "HTML Template"
	},
	"Vue Snippets": {
		"prefix": "!v",
		"body": [
			"<!DOCTYPE html>",
			"<html>",
				"\t<head>",
					"\t\t<meta charset=\"UTF-8\" />",
					"\t\t<title>$TM_FILENAME_BASE</title>",
					"\t\t<!-- 引入Vue -->",
					"\t\t<script type=\"text/javascript\" src=\"../../js/vue.js\"></script>",
				"\t</head>",
				"\t<body>",
					"\t\t<!-- 准备好一个容器-->",
					"\t\t<div id=\"demo\">",
					"\t\t\t$0",
					"\t\t</div>",
					"",
					"\t\t<script type=\"text/javascript\">",
					"\t\t\t//阻止 vue 在启动时生成生产提示。",
					"\t\t\tVue.config.productionTip = false ",
					"\t\t",
					"\t\t</script>",
					"\t</body>",
			"</html>"
		],
		"description": "Vue Template"
	},
	"React Snippets": {
		"prefix": "!r",
		"body": [
			"<!DOCTYPE html>",
				"<html>",
					"\t<head>",
						"\t\t<meta charset=\"UTF-8\" />",
						"\t\t<title>$1</title>",
						"\t\t<!-- 引入react核心库 -->",
						"\t\t<script type=\"text/javascript\" src=\"../js/react.js\"></script>",
						"\t\t<!-- 引入react-dom，用于支持react操作DOM -->",
						"\t\t<script type=\"text/javascript\" src=\"../js/react-dom.js\"></script>",
						"\t\t<!-- 引入babel，用于解析jsx为js -->",
						"\t\t<script type=\"text/javascript\" src=\"../js/babel.min.js\"></script>",
					"\t</head>",
					"\t<body>",
						"\t\t<!-- 准备好一个容器 -->",
						"\t\t<div id=\"root\"></div>",
						"",
						"\t\t<script type=\"text/babel\">",
						"\t\t\t$0",
						"\t\t</script>",
					"\t</body>",
				"</html>",
		],
		"description": "Vue Template"
	},
	"false": {
		"prefix": "false",
		"body": [
			"false",
		],
		"description": "false"
	},
	"true": {
		"prefix": "true",
		"body": [
			"true",
		],
		"description": "true"
	},
	"checked": {
		"prefix": "checked",
		"body": [
			"checked",
		],
		"description": "checked"
	},
	".length": {
		"prefix": ".length",
		"body": [
			".length",
		],
		"description": ".length"
	},
	"mm": {
		"prefix": "mm",
		"body": [
			"$0<meta name=\"viewport\" content=\" width=device-width initial-scale=1.0 maximum-scale=1 minimum-scale=1 user-scalable=no viewport-fit=cover\">",
		],
		"description": "meta"
	}
}